link,name,price
https://www.divan.ru/kaliningrad/product/pismennyj-stol-nordik-light,Стол Нордик-1 Light,15 590 рублей
https://www.divan.ru/kaliningrad/product/kuhonnyj-stol-hill-1-wood,Кухонный стол Хилл-1 Wood,45 490 рублей
https://www.divan.ru/kaliningrad/product/pismennyj-stol-levante-2-grey,Письменный стол Леванте-2 Grey,31 190 рублей
https://www.divan.ru/kaliningrad/product/kuhonnyj-stol-odri-marble-wood,Кухонный стол Одри Marble Wood,58 490 рублей
https://www.divan.ru/kaliningrad/product/stol-lori-ash,Кухонный стол Лори Ash,54 590 рублей
https://www.divan.ru/kaliningrad/product/obedennyj-stol-avalon-1-belyj,Кухонный стол Авалон-1 Белый,15 460 рублей
https://www.divan.ru/kaliningrad/product/jurnalnyj-stol-dzhekson-belyj,Журнальный стол Джексон Белый,10 390 рублей
https://www.divan.ru/kaliningrad/product/jurnalnyj-stol-nyuman-2-white,Журнальный стол Ньюман-2 White,27 680 рублей
https://www.divan.ru/kaliningrad/product/stol-torvall-1-white,Стол Торвалль-1 White,20 790 рублей
https://www.divan.ru/kaliningrad/product/jurnalnyj-stol-brenda-lavanda,Журнальный стол Бренда Lavanda,11 040 рублей
https://www.divan.ru/kaliningrad/product/stol-shepard-wood,Стол Шепард Wood,26 900 рублей
https://www.divan.ru/kaliningrad/product/pismennyj-stol-tajron-1-amsterdam,Письменный стол Тайрон-1 Amsterdam,19 490 рублей
https://www.divan.ru/kaliningrad/product/kuhonnyj-stol-hill-2-white,Кухонный стол Хилл-2 White,42 890 рублей
https://www.divan.ru/kaliningrad/product/kuhonnyj-stol-istvud-wood,Кухонный стол Иствуд Wood,28 590 рублей
https://www.divan.ru/kaliningrad/product/stol-torvall-3-latte,Стол Торвалль-3 Latte,12 990 рублей
https://www.divan.ru/kaliningrad/product/kuhonnyj-stol-dilon-wood,Кухонный стол Дилон Wood,18 190 рублей
https://www.divan.ru/kaliningrad/product/jurnalnyj-stol-lili-dots,Журнальный стол Лили Dots,12 080 рублей
https://www.divan.ru/kaliningrad/product/pismennyj-stol-elsi-1-latte,Письменный стол Эльси-1 Latte,24 690 рублей
https://www.divan.ru/kaliningrad/product/pismennyj-stol-ronald-wood,Письменный стол Роналд Wood,32 490 рублей
https://www.divan.ru/kaliningrad/product/kuhonnyj-stol-kleo-wood,Кухонный стол Клео Wood,15 590 рублей
https://www.divan.ru/kaliningrad/product/stol-torvall-2-white,Стол Торвалль-2 White,15 590 рублей
https://www.divan.ru/kaliningrad/product/pismennyj-stol-tajron-1-monstera,Письменный стол Тайрон-1 Monstera,19 490 рублей
https://www.divan.ru/kaliningrad/product/obedennyj-stol-avalon-1-dub-zolotistyj,Кухонный стол Авалон-1 Дуб Золотистый,15 460 рублей
https://www.divan.ru/kaliningrad/product/jurnalnyj-stol-paloma,Журнальный стол Палома,9090 рублей
https://www.divan.ru/kaliningrad/product/jurnalnyj-stol-sketch-beige,Журнальный стол Скетч Beige,13 380 рублей
https://www.divan.ru/kaliningrad/product/stol-torvall-2-latte,Стол Торвалль-2 Latte,15 590 рублей
https://www.divan.ru/kaliningrad/product/kuhonnyj-stol-umito-wood,Кухонный стол Умито Wood,41 590 рублей
https://www.divan.ru/kaliningrad/product/kuhonnyj-stol-dilon-black,Кухонный стол Дилон Black,25 990 рублей
https://www.divan.ru/kaliningrad/product/jurnalnyj-stol-ejr-2-beige,Журнальный стол Эйр-2 Beige,17 280 рублей
https://www.divan.ru/kaliningrad/product/pismennyj-stol-ronald-black,Письменный стол Роналд Black,35 090 рублей
https://www.divan.ru/kaliningrad/product/stol-torvall-3-terra,Стол Торвалль-3 Terra,12 990 рублей
https://www.divan.ru/kaliningrad/product/jurnalnyj-stol-sketch-white,Журнальный стол Скетч White,13 380 рублей
https://www.divan.ru/kaliningrad/product/kuhonnyj-stol-avalon-10-belyj,Кухонный стол Авалон-10 Белый,12 990 рублей
https://www.divan.ru/kaliningrad/product/jurnalnyj-stol-lili-blue,Журнальный стол Лили Blue,11 690 рублей
https://www.divan.ru/kaliningrad/product/stol-torvall-2-grey,Стол Торвалль-2 Grey,15 590 рублей
https://www.divan.ru/kaliningrad/product/kuhonnyj-stol-tyulip-2-80-white,Кухонный стол Тюлип-2 80 White,13 380 рублей
https://www.divan.ru/kaliningrad/product/pismennyj-stol-tajron-1-lisse,Письменный стол Тайрон-1 Lisse,18 190 рублей
https://www.divan.ru/kaliningrad/product/kuhonnyj-stol-hill-1-black,Кухонный стол Хилл-1 Black,45 490 рублей
https://www.divan.ru/kaliningrad/product/jurnalnyj-stol-river-blue,Журнальный стол Ривер Blue,7790 рублей
https://www.divan.ru/kaliningrad/product/kuhonnyj-stol-dilon-white,Кухонный стол Дилон White,23 390 рублей
https://www.divan.ru/kaliningrad/product/stol-torvall-3-white,Стол Торвалль-3 White,12 990 рублей
https://www.divan.ru/kaliningrad/product/stol-shepard-black,Стол Шепард Black,24 690 рублей
https://www.divan.ru/kaliningrad/product/pismennyj-stol-berlin-8-terra,Письменный стол Берлин-8 Terra,26 900 рублей
https://www.divan.ru/kaliningrad/product/jurnalnyj-stol-nyuman-white,Журнальный стол Ньюман White,18 840 рублей
https://www.divan.ru/kaliningrad/product/stol-torvall-2-terra,Стол Торвалль-2 Terra,15 590 рублей
https://www.divan.ru/kaliningrad/product/kuhonnyj-stol-kleo-white,Кухонный стол Клео White,15 590 рублей
https://www.divan.ru/kaliningrad/product/pismennyj-stol-tajron-1-saleya,Письменный стол Тайрон-1 Saleya,19 490 рублей
https://www.divan.ru/kaliningrad/product/obedennyj-stol-avalon-3-dub-zolotistyj,Кухонный стол Авалон-3 Дуб Золотистый,18 190 рублей
